decile,n,mean_p_use_hat,actual_use_rate
1,124,0.9999999999999998,0.6774193548387096
2,124,0.9999999999999998,0.6048387096774194
3,124,0.9999999999999998,0.5967741935483871
4,124,0.9999999999999998,0.717741935483871
5,124,0.9999999999999998,0.6532258064516129
6,124,0.9999999999999998,0.7016129032258065
7,124,0.9999999999999998,0.6290322580645161
8,124,0.9999999999999998,0.7903225806451613
9,124,0.9999999999999998,0.7419354838709677
10,123,0.9999999999999998,0.7479674796747967
