metric,value
n,1239
mean_actual_pmpm,134.3348130212537
mean_pred_pmpm,167.7562685151186
mae_pmpm,196.42043599358078
rmse_pmpm,547.5199565773266
pct_zero_cost,0.19693301049233253
pct_any_use,0.6860371267150929
