model_version,age_band,sex,n,mean_actual_pmpm,mean_pred_pmpm,mean_p_use_hat,mean_mu_pos_hat
v1_age+sex,0-17,Female,612,115.50585511982571,117.2428795565879,0.7957516339868651,1768.936654786748
v1_age+sex,0-17,Male,627,152.71331738437001,150.5348200224949,0.8102073365231136,2230.661898510981
v2_age*sex,0-17,Female,612,115.50585511982571,115.42366906809694,0.7957516339867837,1733.0993072048514
v2_age*sex,0-17,Male,627,152.71331738437001,152.5519859845883,0.8102073365231133,2253.752284432063
v3_nsAge(df=4)+sex,0-17,Female,612,115.50585511982571,114.7428562410359,0.7957516339867996,1732.2616913982692
v3_nsAge(df=4)+sex,0-17,Male,627,152.71331738437001,153.70809437724824,0.8102073365230542,2280.167515734439
